NA,NA,<img alt="Amazon.de" id="b" src="https://m.media-amazon.com/images/G/03/error/amazon-de-logo-WDSHJ.png"/>,NA,
NA,NA,<img alt="Amazon.fr" id="b" src="https://m.media-amazon.com/images/G/08/error/amazon-fr-logo-OYXHL.png"/>,NA,
Old Spice Shaving Cream - 70 g (original) - Pack of 2,NA,<img alt="" height="1" onload="window.ue_sbl &amp;&amp; window.ue_sbl();" src="//fls-eu.amazon.de/1/batch/1/OP/A1PA6795UKMFR9:260-3385442-6818959:7CQDCVMMRZ37AFAR9GT0$uedata=s:%2Frd%2Fuedata%3Fstaticb%26id%3D7CQDCVMMRZ37AFAR9GT0:0" style="display:none;visibility:hidden;" width="1"/>,Usually dispatched within 2 to 3 days.,
NA,NA,<img alt="Amazon" border="0" src="https://images-eu.ssl-images-amazon.com/images/G/08/ShoppingPortal/logo._TTD_.png"/>,NA,
NA,NA,<img alt="Amazon.de" id="b" src="https://m.media-amazon.com/images/G/03/error/amazon-de-logo-WDSHJ.png"/>,NA,
NA,NA,<img alt="Amazon.fr" id="b" src="https://m.media-amazon.com/images/G/08/error/amazon-fr-logo-OYXHL.png"/>,NA,
NA,NA,<img alt="Amazon.fr" id="b" src="https://m.media-amazon.com/images/G/08/error/amazon-fr-logo-OYXHL.png"/>,NA,
NA,NA,<img src="//fls-eu.amazon.it/1/batch/1/OP/APJ6JRA9NG5V4::5VBHBDG6YC8NM8WJE04X$uedata=s:%2Frd%2Fuedata%3Fstaticb%26id%3D5VBHBDG6YC8NM8WJE04X%26pty%3DError%26spty%3DPageNotFound%26pti%3D:1000"/>,NA,
NA,NA,<img alt="Amazon.de" id="b" src="https://m.media-amazon.com/images/G/03/error/amazon-de-logo-WDSHJ.png"/>,NA,
NA,NA,<img alt="Amazon.fr" id="b" src="https://m.media-amazon.com/images/G/08/error/amazon-fr-logo-OYXHL.png"/>,NA,
NA,NA,<img alt="Amazon.de" id="b" src="https://m.media-amazon.com/images/G/03/error/amazon-de-logo-WDSHJ.png"/>,NA,
NA,NA,<img alt="Amazon.fr" id="b" src="https://m.media-amazon.com/images/G/08/error/amazon-fr-logo-OYXHL.png"/>,NA,
NA,NA,<img alt="Amazon.de" id="b" src="https://m.media-amazon.com/images/G/03/error/amazon-de-logo-WDSHJ.png"/>,NA,
NA,NA,<img alt="Amazon.fr" id="b" src="https://m.media-amazon.com/images/G/08/error/amazon-fr-logo-OYXHL.png"/>,NA,
NA,NA,<img alt="Amazon.fr" id="b" src="https://m.media-amazon.com/images/G/08/error/amazon-fr-logo-OYXHL.png"/>,NA,
NA,NA,<img src="//fls-eu.amazon.it/1/batch/1/OP/APJ6JRA9NG5V4::8NQNRE7C3BQ86M1E0CTP$uedata=s:%2Frd%2Fuedata%3Fstaticb%26id%3D8NQNRE7C3BQ86M1E0CTP%26pty%3DCheckoutPrefetch%26spty%3Dprefetch-assets%26pti%3D:1000"/>,NA,
Short Story: Violoncello und Klavier. (Cello-Bibliothek),NA,<img alt="" height="1" onload="window.ue_sbl &amp;&amp; window.ue_sbl();" src="//fls-eu.amazon.de/1/batch/1/OP/A1PA6795UKMFR9:258-3345088-9449902:A528RRAHS1344Q14BMFX$uedata=s:%2Frd%2Fuedata%3Fstaticb%26id%3DA528RRAHS1344Q14BMFX:0" style="display:none;visibility:hidden;" width="1"/>,NA,
Short story (dushkin/hegyi) violon,NA,<img alt="" height="1" onload="window.ue_sbl &amp;&amp; window.ue_sbl();" src="//fls-eu.amazon.fr/1/batch/1/OP/A13V1IB3VIYZZH:258-7822053-1731316:GQ2NZB26EG1KFWF5DPGM$uedata=s:%2Frd%2Fuedata%3Fstaticb%26id%3DGQ2NZB26EG1KFWF5DPGM:0" style="display:none;visibility:hidden;" width="1"/>,NA,
NA,NA,<img alt="Amazon.de" id="b" src="https://m.media-amazon.com/images/G/03/error/amazon-de-logo-WDSHJ.png"/>,NA,
NA,NA,<img alt="Amazon.fr" id="b" src="https://m.media-amazon.com/images/G/08/error/amazon-fr-logo-OYXHL.png"/>,NA,
Concerto grosso g-Moll: Weihnachtskonzert. op. 6/8. 2 Violinen Violoncello Streichorchester und Cembalo. Partitur. (Concertino),NA,<img alt="" height="1" onload="window.ue_sbl &amp;&amp; window.ue_sbl();" src="//fls-eu.amazon.de/1/batch/1/OP/A1PA6795UKMFR9:258-3780277-9470717:PTC1HDTS7FNABDX7G11J$uedata=s:%2Frd%2Fuedata%3Fstaticb%26id%3DPTC1HDTS7FNABDX7G11J:0" style="display:none;visibility:hidden;" width="1"/>,NA,
Concerto grosso 8 g opus 6 partitu,NA,<img alt="" height="1" onload="window.ue_sbl &amp;&amp; window.ue_sbl();" src="//fls-eu.amazon.fr/1/batch/1/OP/A13V1IB3VIYZZH:259-7934791-5127946:JPBEW3VQGACZMXBF087X$uedata=s:%2Frd%2Fuedata%3Fstaticb%26id%3DJPBEW3VQGACZMXBF087X:0" style="display:none;visibility:hidden;" width="1"/>,NA,
NA,NA,<img alt="Amazon.fr" id="b" src="https://m.media-amazon.com/images/G/08/error/amazon-fr-logo-OYXHL.png"/>,NA,
NA,NA,<img src="//fls-eu.amazon.it/1/batch/1/OP/APJ6JRA9NG5V4::2X46ZX3A0Y8AERRM9B9P$uedata=s:%2Frd%2Fuedata%3Fstaticb%26id%3D2X46ZX3A0Y8AERRM9B9P%26pty%3DError%26spty%3DPageNotFound%26pti%3D:1000"/>,NA,
NA,NA,<img alt="Amazon.fr" id="b" src="https://m.media-amazon.com/images/G/08/error/amazon-fr-logo-OYXHL.png"/>,NA,
NA,NA,<img src="//fls-eu.amazon.it/1/batch/1/OP/APJ6JRA9NG5V4::HWXRFZ9NWFYF0R8FE9D9$uedata=s:%2Frd%2Fuedata%3Fstaticb%26id%3DHWXRFZ9NWFYF0R8FE9D9%26pty%3DError%26spty%3DPageNotFound%26pti%3D:1000"/>,NA,
NA,NA,<img alt="Amazon.de" id="b" src="https://m.media-amazon.com/images/G/03/error/amazon-de-logo-WDSHJ.png"/>,NA,
NA,NA,<img alt="Amazon.fr" id="b" src="https://m.media-amazon.com/images/G/08/error/amazon-fr-logo-OYXHL.png"/>,NA,
NA,NA,<img alt="Amazon.de" id="b" src="https://m.media-amazon.com/images/G/03/error/amazon-de-logo-WDSHJ.png"/>,NA,
NA,NA,<img alt="Amazon.fr" id="b" src="https://m.media-amazon.com/images/G/08/error/amazon-fr-logo-OYXHL.png"/>,NA,
NA,NA,<img alt="Amazon.de" id="b" src="https://m.media-amazon.com/images/G/03/error/amazon-de-logo-WDSHJ.png"/>,NA,
NA,NA,<img alt="Amazon.fr" id="b" src="https://m.media-amazon.com/images/G/08/error/amazon-fr-logo-OYXHL.png"/>,NA,
NA,NA,<img alt="Amazon.de" id="b" src="https://m.media-amazon.com/images/G/03/error/amazon-de-logo-WDSHJ.png"/>,NA,
NA,NA,<img alt="Amazon.fr" id="b" src="https://m.media-amazon.com/images/G/08/error/amazon-fr-logo-OYXHL.png"/>,NA,
NA,NA,<img alt="Amazon.de" id="b" src="https://m.media-amazon.com/images/G/03/error/amazon-de-logo-WDSHJ.png"/>,NA,
NA,NA,<img alt="Amazon.fr" id="b" src="https://m.media-amazon.com/images/G/08/error/amazon-fr-logo-OYXHL.png"/>,NA,
NA,NA,<img alt="Amazon.de" id="b" src="https://m.media-amazon.com/images/G/03/error/amazon-de-logo-WDSHJ.png"/>,NA,
NA,NA,<img alt="Amazon.fr" id="b" src="https://m.media-amazon.com/images/G/08/error/amazon-fr-logo-OYXHL.png"/>,NA,
NA,NA,<img alt="Amazon.de" id="b" src="https://m.media-amazon.com/images/G/03/error/amazon-de-logo-WDSHJ.png"/>,NA,
NA,NA,<img src="//fls-eu.amazon.es/1/batch/1/OP/A1RKKUPIHCS9HS::XRPRHH581WNZDK5VAY7M$uedata=s:%2Frd%2Fuedata%3Fstaticb%26id%3DXRPRHH581WNZDK5VAY7M%26pty%3DError%26spty%3DPageNotFound%26pti%3D:1000"/>,NA,
NA,NA,<img alt="Amazon.fr" id="b" src="https://m.media-amazon.com/images/G/08/error/amazon-fr-logo-OYXHL.png"/>,NA,
NA,NA,<img alt="Amazon.de" id="b" src="https://m.media-amazon.com/images/G/03/error/amazon-de-logo-WDSHJ.png"/>,NA,
NA,NA,<img alt="Amazon.fr" id="b" src="https://m.media-amazon.com/images/G/08/error/amazon-fr-logo-OYXHL.png"/>,NA,
NA,NA,<img alt="Amazon.de" id="b" src="https://m.media-amazon.com/images/G/03/error/amazon-de-logo-WDSHJ.png"/>,NA,
NA,NA,<img src="//fls-eu.amazon.es/1/batch/1/OP/A1RKKUPIHCS9HS::NPMAC1RDVMVX76FMYKJ9$uedata=s:%2Frd%2Fuedata%3Fstaticb%26id%3DNPMAC1RDVMVX76FMYKJ9%26pty%3DError%26spty%3DPageNotFound%26pti%3D:1000"/>,NA,
NA,NA,<img alt="Amazon.fr" id="b" src="https://m.media-amazon.com/images/G/08/error/amazon-fr-logo-OYXHL.png"/>,NA,
NA,NA,<img alt="Amazon.de" id="b" src="https://m.media-amazon.com/images/G/03/error/amazon-de-logo-WDSHJ.png"/>,NA,
NA,NA,<img alt="Amazon.fr" id="b" src="https://m.media-amazon.com/images/G/08/error/amazon-fr-logo-OYXHL.png"/>,NA,
NA,NA,<img alt="Amazon.de" id="b" src="https://m.media-amazon.com/images/G/03/error/amazon-de-logo-WDSHJ.png"/>,NA,
NA,NA,<img alt="Amazon.fr" id="b" src="https://m.media-amazon.com/images/G/08/error/amazon-fr-logo-OYXHL.png"/>,NA,
